{"id20_id2_0002":{"peakheight":-143.80923860139652,"PeakLocation":[0,0],"PCE":-0.817479535331253,"pvalue":0.81704093873146455,"P_FA":0.81704093873146455,"log10P_FA":-0.087756182121520934},"id20_id3_0002":{"peakheight":-110.81861773319359,"PeakLocation":[0,0],"PCE":-0.48433732240240118,"pvalue":0.75676788572771614,"P_FA":0.75676788572771614,"log10P_FA":-0.12103730597620052},"id20_id3_0005":{"peakheight":-206.23191489878116,"PeakLocation":[0,0],"PCE":-1.9702890116514609,"pvalue":0.91979140582407326,"P_FA":0.91979140582407326,"log10P_FA":-0.036310652623058069},"id20_id4_0003":{"peakheight":117.25839200255348,"PeakLocation":[0,0],"PCE":1.7050156565400378,"pvalue":0.09581667138507638,"P_FA":0.095816671385076324,"log10P_FA":-1.0185589203512095},"id21_id9_0001":{"peakheight":309.81749820686986,"PeakLocation":[0,0],"PCE":8.7525843270883961,"pvalue":0.0015458181134669772,"P_FA":0.0015458181134669902,"log10P_FA":-2.8108416080662688},"id22_id19_0005":{"peakheight":-0.33669921064865321,"PeakLocation":[0,0],"PCE":-5.8684983623018626E-6,"pvalue":0.50096643607953628,"P_FA":0.50096643607953628,"log10P_FA":-0.30019137016816827},"id24_id20_0007":{"peakheight":112.77681626752972,"PeakLocation":[0,0],"PCE":0.031071779476678073,"pvalue":0.43004017207589063,"P_FA":0.43004017207589063,"log10P_FA":-0.366490973034413},"id28_id4_0009":{"peakheight":516.58250400063207,"PeakLocation":[0,0],"PCE":9.31811373958275,"pvalue":0.0011344972848188837,"P_FA":0.0011344972848188473,"log10P_FA":-2.9451965391704977},"id28_id6_0005":{"peakheight":-149.57747538642698,"PeakLocation":[0,0],"PCE":-2.495975480300193,"pvalue":0.94293118170853063,"P_FA":0.94293118170853063,"log10P_FA":-0.025520002379166119},"id29_id28_0005":{"peakheight":-742.90337607922208,"PeakLocation":[0,0],"PCE":-3.0729400381529857,"pvalue":0.96019730826867467,"P_FA":0.96019730826867467,"log10P_FA":-0.017639515827486154},"id29_id28_0007":{"peakheight":60.573038260656595,"PeakLocation":[0,0],"PCE":6.4185226696711952,"pvalue":0.0056468036480505635,"P_FA":0.0056468036480505912,"log10P_FA":-2.2481973133877382},"id30_id17_0000":{"peakheight":1276.1241407039079,"PeakLocation":[0,0],"PCE":1.0250611019069997,"pvalue":0.15566075117302403,"P_FA":0.15566075117302403,"log10P_FA":-0.80782087810469516},"id30_id35_0003":{"peakheight":-439.09507022679719,"PeakLocation":[0,0],"PCE":-9.2447620206362728,"pvalue":0.99881915006816469,"P_FA":0.99881915006816469,"log10P_FA":-0.0005131396394683908},"id30_id38_0009":{"peakheight":-2673.1722886319308,"PeakLocation":[0,0],"PCE":-8.8503442477874881,"pvalue":0.99853483190877135,"P_FA":0.99853483190877135,"log10P_FA":-0.00063678102670131542},"id35_id1_0006":{"peakheight":-1236.3837726429224,"PeakLocation":[0,0],"PCE":-0.85141710155972916,"pvalue":0.82192412223892164,"P_FA":0.82192412223892164,"log10P_FA":-0.08516827347450813},"id35_id32_0000":{"peakheight":177.05438064432551,"PeakLocation":[0,0],"PCE":0.27475354005652325,"pvalue":0.3000803676314121,"P_FA":0.3000803676314121,"log10P_FA":-0.52276241679856317},"id37_id17_0005":{"peakheight":1214.8028785103265,"PeakLocation":[0,0],"PCE":4.6478589773328114,"pvalue":0.015546152340984616,"P_FA":0.015546152340984665,"log10P_FA":-1.8083770808396631},"id37_id26_0009":{"peakheight":-990.09562773875086,"PeakLocation":[0,0],"PCE":-0.32094242403621603,"pvalue":0.71447908382399161,"P_FA":0.71447908382399161,"log10P_FA":-0.14601048053680973},"id3_id9_0005":{"peakheight":4.8233949292142277,"PeakLocation":[0,0],"PCE":0.00024223841641406976,"pvalue":0.49379110891434941,"P_FA":0.49379110891434941,"log10P_FA":-0.30645673413717534},"id41_id42_0002":{"peakheight":412.41631134202618,"PeakLocation":[0,0],"PCE":0.8300761622388162,"pvalue":0.18112525341299313,"P_FA":0.18112525341299313,"log10P_FA":-0.74202099389737319},"id43_id46_0005":{"peakheight":152.60149336450394,"PeakLocation":[0,0],"PCE":2.7412580429765407,"pvalue":0.048893877229745308,"P_FA":0.048893877229745364,"log10P_FA":-1.3107455223042226},"id43_id48_0002":{"peakheight":1610.7145602938283,"PeakLocation":[0,0],"PCE":3.7955104244890494,"pvalue":0.025695101175264849,"P_FA":0.025695101175264856,"log10P_FA":-1.5901496679273304},"id44_id42_0000":{"peakheight":184.49605074478146,"PeakLocation":[0,0],"PCE":3.696980079114268,"pvalue":0.027255522606173772,"P_FA":0.02725552260617381,"log10P_FA":-1.5645454862540966},"id48_id43_0009":{"peakheight":-66.925122655561466,"PeakLocation":[0,0],"PCE":-0.042140509329531582,"pvalue":0.58132391578793319,"P_FA":0.58132391578793319,"log10P_FA":-0.23558180970991924},"id49_id52_0005":{"peakheight":-2112.7393008790973,"PeakLocation":[0,0],"PCE":-3.8979103275203051,"pvalue":0.97582689668932321,"P_FA":0.97582689668932321,"log10P_FA":-0.010627215612182182},"id4_id35_0003":{"peakheight":-961.681159121804,"PeakLocation":[0,0],"PCE":-1.5131786513629111,"pvalue":0.89067265382152461,"P_FA":0.89067265382152461,"log10P_FA":-0.050281881552855977},"id53_id50_0006":{"peakheight":-2233.1984120878519,"PeakLocation":[0,0],"PCE":-6.879348145761945,"pvalue":0.99564013201717638,"P_FA":0.99564013201717638,"log10P_FA":-0.0018976062756396255},"id53_id56_0003":{"peakheight":472.95060507873876,"PeakLocation":[0,0],"PCE":6.1114390247295969,"pvalue":0.0067154865769307208,"P_FA":0.0067154865769306626,"log10P_FA":-2.1729225146378255},"id8_id2_0002":{"peakheight":-11.530571945503514,"PeakLocation":[0,0],"PCE":-1.1022585911431853,"pvalue":0.85311451411330641,"P_FA":0.85311451411330641,"log10P_FA":-0.068992669290245418},"id9_id26_0004":{"peakheight":328.281997950692,"PeakLocation":[0,0],"PCE":50.588852796040783,"pvalue":5.6945039701462761E-13,"P_FA":5.6945039701462761E-13,"log10P_FA":-12.244544099927367}}