{"id13_id7_0003":{"peakheight":1643.5634142721817,"PeakLocation":[0,0],"PCE":372.169988538882,"pvalue":3.1527826122967189E-83,"P_FA":3.1527826122967189E-83,"log10P_FA":-82.501305973284673},"id17_id28_0009":{"peakheight":120260.92651636754,"PeakLocation":[0,0],"PCE":32722.510577009885,"pvalue":0,"P_FA":0,"log10P_FA":-7108.2594020506522},"id1_id4_0005":{"peakheight":665.45875964155391,"PeakLocation":[0,0],"PCE":242.58932490327774,"pvalue":5.3591939558318209E-55,"P_FA":5.3591939558316108E-55,"log10P_FA":-54.270900525019627},"id23_id26_0006":{"peakheight":1961.4642234276903,"PeakLocation":[0,0],"PCE":455.55522558692212,"pvalue":2.2291077307163063E-101,"P_FA":2.2291077307163063E-101,"log10P_FA":-100.65186894196165},"id23_id26_0007":{"peakheight":6180.4746151803729,"PeakLocation":[0,0],"PCE":1806.2202778220606,"pvalue":0,"P_FA":0,"log10P_FA":-394.24322517094163},"id23_id3_0000":{"peakheight":2686.6620884171994,"PeakLocation":[0,0],"PCE":212.24352086924065,"pvalue":2.2252316585435145E-48,"P_FA":2.2252316585435963E-48,"log10P_FA":-47.652624769945938},"id24_id26_0000":{"peakheight":50128.469964384873,"PeakLocation":[0,0],"PCE":8675.7503455533515,"pvalue":0,"P_FA":0,"log10P_FA":-1886.2834941793103},"id26_id37_0006":{"peakheight":15190.222089013156,"PeakLocation":[0,0],"PCE":9020.98546157108,"pvalue":0,"P_FA":0,"log10P_FA":-1961.2588205705201},"id26_id3_0006":{"peakheight":15263.200402272127,"PeakLocation":[0,0],"PCE":9164.0578578359746,"pvalue":0,"P_FA":0,"log10P_FA":-1992.330013595564},"id28_id16_0000":{"peakheight":1685.945229675257,"PeakLocation":[0,0],"PCE":160.03329158587931,"pvalue":5.5634544290734688E-37,"P_FA":5.5634544290734688E-37,"log10P_FA":-36.254655464959647},"id28_id3_0005":{"peakheight":6522.1469457601552,"PeakLocation":[0,0],"PCE":1661.9312460431506,"pvalue":0,"P_FA":0,"log10P_FA":-362.89318119029372},"id31_id32_0007":{"peakheight":128495.01014506395,"PeakLocation":[0,0],"PCE":55021.938424238026,"pvalue":0,"P_FA":0,"log10P_FA":-11950.631478510983},"id32_id34_0003":{"peakheight":21463.115723511975,"PeakLocation":[0,0],"PCE":4509.8295494677513,"pvalue":0,"P_FA":0,"log10P_FA":-981.52321382715627},"id34_id38_0002":{"peakheight":-49.387776454404715,"PeakLocation":[0,0],"PCE":-0.12123929484043311,"pvalue":0.636152878989072,"P_FA":0.636152878989072,"log10P_FA":-0.19643850302640245},"id42_id41_0003":{"peakheight":242427.22337408285,"PeakLocation":[0,0],"PCE":37947.405781723515,"pvalue":0,"P_FA":0,"log10P_FA":-8242.86314775289},"id44_id45_0005":{"peakheight":586.72390753311629,"PeakLocation":[0,0],"PCE":277.46612680875614,"pvalue":1.3389051989244579E-62,"P_FA":1.3389051989245141E-62,"log10P_FA":-61.873250172085456},"id45_id44_0003":{"peakheight":439014.15483714512,"PeakLocation":[0,0],"PCE":34156.337644791187,"pvalue":0,"P_FA":0,"log10P_FA":-7419.6203061617562},"id47_id39_0006":{"peakheight":710245.2277422176,"PeakLocation":[0,0],"PCE":52188.265426655882,"pvalue":0,"P_FA":0,"log10P_FA":-11335.295723814892},"id49_id51_0009":{"peakheight":1006.1146847625674,"PeakLocation":[0,0],"PCE":47.136976644591364,"pvalue":3.3097512887407738E-12,"P_FA":3.3097968810125167E-12,"log10P_FA":-11.480198657632791},"id49_id58_0006":{"peakheight":283737.07851368404,"PeakLocation":[0,0],"PCE":41981.414032833593,"pvalue":0,"P_FA":0,"log10P_FA":-9118.85884694314},"id50_id51_0001":{"peakheight":31257.891908889786,"PeakLocation":[0,0],"PCE":13078.47549656811,"pvalue":0,"P_FA":0,"log10P_FA":-2842.41223842891},"id52_id57_0001":{"peakheight":5714.3326011607223,"PeakLocation":[0,0],"PCE":658.78209677479185,"pvalue":1.3745726976742714E-145,"P_FA":1.3745726976740938E-145,"log10P_FA":-144.86183228647616},"id53_id50_0008":{"peakheight":207896.33433910986,"PeakLocation":[0,0],"PCE":24826.529822345907,"pvalue":0,"P_FA":0,"log10P_FA":-5393.609001269564},"id53_id51_0004":{"peakheight":198017.87649986311,"PeakLocation":[0,0],"PCE":24919.360360232149,"pvalue":0,"P_FA":0,"log10P_FA":-5413.7677068831517},"id53_id57_0005":{"peakheight":32057.23095241523,"PeakLocation":[0,0],"PCE":3965.0883652258381,"pvalue":0,"P_FA":0,"log10P_FA":-863.20621500754658},"id54_id49_0002":{"peakheight":-51.662843864429782,"PeakLocation":[0,0],"PCE":-4.5086070966146909,"pvalue":0.98313765301967948,"P_FA":0.98313765301967948,"log10P_FA":-0.0073856706098638682},"id56_id55_0002":{"peakheight":54435.702167075571,"PeakLocation":[0,0],"PCE":6958.7897010637234,"pvalue":0,"P_FA":0,"log10P_FA":-1513.402340738779},"id59_id60_0005":{"peakheight":97528.62915766552,"PeakLocation":[0,0],"PCE":17954.640348716821,"pvalue":0,"P_FA":0,"log10P_FA":-3901.3267922918508},"id6_id16_0004":{"peakheight":182.3024675249024,"PeakLocation":[0,0],"PCE":23.340839692606529,"pvalue":6.7844081764906883E-7,"P_FA":6.7844081763634989E-7,"log10P_FA":-6.1684880311213872},"id8_id1_0003":{"peakheight":44593.297995427645,"PeakLocation":[0,0],"PCE":11610.688835682753,"pvalue":0,"P_FA":0,"log10P_FA":-2523.6605651436366}}