{"id0_0003":{"peakheight":3333.3549157441912,"PeakLocation":[0,0],"PCE":1030.0723979103818,"pvalue":2.6102157576075704E-226,"P_FA":2.6102157576075704E-226,"log10P_FA":-225.58332359286646},"id11_0001":{"peakheight":43229.23839819595,"PeakLocation":[0,0],"PCE":17105.724335324208,"pvalue":0,"P_FA":0,"log10P_FA":-3716.9765045633876},"id17_0002":{"peakheight":66592.447385548352,"PeakLocation":[0,0],"PCE":22082.208679094289,"pvalue":0,"P_FA":0,"log10P_FA":-4797.6617999723967},"id17_0004":{"peakheight":3674.4741247016423,"PeakLocation":[0,0],"PCE":65.8612662953673,"pvalue":2.4190343229488884E-16,"P_FA":2.4190343229488884E-16,"log10P_FA":-15.616357969520902},"id20_0007":{"peakheight":22463.516839945274,"PeakLocation":[0,0],"PCE":13040.855297014801,"pvalue":0,"P_FA":0,"log10P_FA":-2834.242490368315},"id21_0006":{"peakheight":5896.5385396178863,"PeakLocation":[0,0],"PCE":362.2440185433943,"pvalue":4.5701403718842168E-81,"P_FA":4.5701403718837786E-81,"log10P_FA":-80.340070460368153},"id22_0001":{"peakheight":4836.2605737226577,"PeakLocation":[0,0],"PCE":385.05719070662974,"pvalue":4.9308323526577043E-86,"P_FA":4.9308323526572171E-86,"log10P_FA":-85.307079763145921},"id22_0006":{"peakheight":14787.884385540116,"PeakLocation":[0,0],"PCE":6974.9986291401365,"pvalue":0,"P_FA":0,"log10P_FA":-1516.9225699566277},"id23_0006":{"peakheight":1946.8724296913813,"PeakLocation":[0,0],"PCE":450.837647234963,"pvalue":2.3702313758422904E-100,"P_FA":2.3702313758422904E-100,"log10P_FA":-99.625209257219083},"id24_0004":{"peakheight":90685.848997224239,"PeakLocation":[0,0],"PCE":27698.553228468674,"pvalue":0,"P_FA":0,"log10P_FA":-6017.2847303905337},"id26_0008":{"peakheight":31655.87035083213,"PeakLocation":[0,0],"PCE":15013.32803600128,"pvalue":0,"P_FA":0,"log10P_FA":-3262.5900889404929},"id28_0007":{"peakheight":38517.543872248854,"PeakLocation":[0,0],"PCE":16606.633771940578,"pvalue":0,"P_FA":0,"log10P_FA":-3608.59393580928},"id29_0006":{"peakheight":331845.3781482738,"PeakLocation":[0,0],"PCE":33765.582779676282,"pvalue":0,"P_FA":0,"log10P_FA":-7334.766466789546},"id33_0007":{"peakheight":17106.331146783396,"PeakLocation":[0,0],"PCE":4337.2952792308852,"pvalue":0,"P_FA":0,"log10P_FA":-944.04940250644768},"id41_0002":{"peakheight":152814.10518236505,"PeakLocation":[0,0],"PCE":29764.989831330971,"pvalue":0,"P_FA":0,"log10P_FA":-6466.0213616301617},"id41_0006":{"peakheight":227667.78424581132,"PeakLocation":[0,0],"PCE":27978.191363288555,"pvalue":0,"P_FA":0,"log10P_FA":-6078.009561107051},"id41_0007":{"peakheight":19117.554354980555,"PeakLocation":[0,0],"PCE":3158.8526247474283,"pvalue":0,"P_FA":0,"log10P_FA":-688.08498665313925},"id45_0005":{"peakheight":24153.682959406531,"PeakLocation":[0,0],"PCE":2469.670427125649,"pvalue":0,"P_FA":0,"log10P_FA":-538.37752874500961},"id46_0001":{"peakheight":81382.725394324138,"PeakLocation":[0,0],"PCE":17188.399380295403,"pvalue":0,"P_FA":0,"log10P_FA":-3734.9302094580426},"id47_0005":{"peakheight":81182.6634821844,"PeakLocation":[0,0],"PCE":32952.649476083621,"pvalue":0,"P_FA":0,"log10P_FA":-7158.2349508811312},"id49_0000":{"peakheight":23733.35960922415,"PeakLocation":[0,0],"PCE":7355.3750497459732,"pvalue":0,"P_FA":0,"log10P_FA":-1599.531790562073},"id52_0004":{"peakheight":3962.1416266198644,"PeakLocation":[0,0],"PCE":8179.9366521467837,"pvalue":0,"P_FA":0,"log10P_FA":-1778.6061400771225},"id53_0009":{"peakheight":28404.988661935535,"PeakLocation":[0,0],"PCE":5556.1060367123373,"pvalue":0,"P_FA":0,"log10P_FA":-1208.7645715037024},"id5_0008":{"peakheight":43433.256095406578,"PeakLocation":[0,0],"PCE":5769.9322847454732,"pvalue":0,"P_FA":0,"log10P_FA":-1255.2045514025478},"id60_0007":{"peakheight":53720.7184413209,"PeakLocation":[0,0],"PCE":22026.989036015122,"pvalue":0,"P_FA":0,"log10P_FA":-4785.67046314439},"id61_0009":{"peakheight":331061.67557839782,"PeakLocation":[0,0],"PCE":36680.034615543314,"pvalue":0,"P_FA":0,"log10P_FA":-7967.6496195779664},"id6_0004":{"peakheight":190.20522026266332,"PeakLocation":[0,0],"PCE":30.040598253266051,"pvalue":2.1154743441955128E-8,"P_FA":2.1154743401474718E-8,"log10P_FA":-7.6745922381180538},"id6_0005":{"peakheight":102720.02044728749,"PeakLocation":[0,0],"PCE":12807.977520704715,"pvalue":0,"P_FA":0,"log10P_FA":-2783.6698110039952},"id7_0002":{"peakheight":4338.6120744347072,"PeakLocation":[0,0],"PCE":2027.5622499937867,"pvalue":0,"P_FA":0,"log10P_FA":-442.33212547637538},"id9_0008":{"peakheight":34085.436975977129,"PeakLocation":[0,0],"PCE":16694.777993856336,"pvalue":0,"P_FA":0,"log10P_FA":-3627.7353599241073}}