{"id0_0008":{"peakheight":-78.21868003400877,"PeakLocation":[0,0],"PCE":-9.4490142229678131,"pvalue":0.99894368692619007,"P_FA":0.99894368692619007,"log10P_FA":-0.0004589934021848664},"id11_0006":{"peakheight":-83.044359054802257,"PeakLocation":[0,0],"PCE":-0.068780826499738656,"pvalue":0.60343988216035693,"P_FA":0.60343988216035693,"log10P_FA":-0.21936599010106064},"id12_0005":{"peakheight":351.77971722211049,"PeakLocation":[0,0],"PCE":9.1001995190820679,"pvalue":0.0012779080686249108,"P_FA":0.0012779080686249333,"log10P_FA":-2.8935003877464469},"id12_0006":{"peakheight":-108.56873952943219,"PeakLocation":[0,0],"PCE":-0.27845276939716185,"pvalue":0.70114143790230665,"P_FA":0.70114143790230665,"log10P_FA":-0.15419436505112877},"id22_0000":{"peakheight":19.135702128415172,"PeakLocation":[0,0],"PCE":0.40997275224096935,"pvalue":0.26099166778206379,"P_FA":0.26099166778206384,"log10P_FA":-0.58337335738981855},"id22_0004":{"peakheight":934.850720428273,"PeakLocation":[0,0],"PCE":1.7159838732614225,"pvalue":0.095105415262517534,"P_FA":0.09510541526251759,"log10P_FA":-1.0217947538126135},"id29_0006":{"peakheight":-1687.3322157443297,"PeakLocation":[0,0],"PCE":-0.90702302882160346,"pvalue":0.829547233720094,"P_FA":0.829547233720094,"log10P_FA":-0.0811588805739433},"id32_0004":{"peakheight":379.28182755155706,"PeakLocation":[0,0],"PCE":2.7528587030877731,"pvalue":0.048540357239673232,"P_FA":0.048540357239673204,"log10P_FA":-1.3138970317402219},"id32_0007":{"peakheight":582.53488629914523,"PeakLocation":[0,0],"PCE":0.317812908708279,"pvalue":0.28646249032702992,"P_FA":0.28646249032703,"log10P_FA":-0.54293223690940939},"id33_0006":{"peakheight":-598.02140215417148,"PeakLocation":[0,0],"PCE":-10.083161199723092,"pvalue":0.99925184796815658,"P_FA":0.99925184796815658,"log10P_FA":-0.000325039903853481},"id36_0002":{"peakheight":-209.39185878957832,"PeakLocation":[0,0],"PCE":-7.500679274223101,"pvalue":0.99691621367978933,"P_FA":0.99691621367978933,"log10P_FA":-0.0013413406508365261},"id37_0008":{"peakheight":63.65635133651049,"PeakLocation":[0,0],"PCE":0.14250273019247406,"pvalue":0.35290276416139454,"P_FA":0.35290276416139454,"log10P_FA":-0.4523449399530392},"id39_0004":{"peakheight":-318.88648966388206,"PeakLocation":[0,0],"PCE":-0.5703491749549594,"pvalue":0.774939901539432,"P_FA":0.77493990153943215,"log10P_FA":-0.11073197677348971},"id3_0001":{"peakheight":-686.0988907059666,"PeakLocation":[0,0],"PCE":-1.2681880368910328,"pvalue":0.86994656082952138,"P_FA":0.86994656082952138,"log10P_FA":-0.060507424449960621},"id40_0004":{"peakheight":-114.02935723472417,"PeakLocation":[0,0],"PCE":-1.3568830901740379,"pvalue":0.87796079974470165,"P_FA":0.87796079974470165,"log10P_FA":-0.056524874566134142},"id40_0006":{"peakheight":270.67755107917708,"PeakLocation":[0,0],"PCE":0.19923501989265252,"pvalue":0.32766951285092671,"P_FA":0.32766951285092683,"log10P_FA":-0.48456396452714962},"id45_0000":{"peakheight":31.999463563202973,"PeakLocation":[0,0],"PCE":1.400206141042255,"pvalue":0.11834452948249008,"P_FA":0.11834452948249008,"log10P_FA":-0.92685181268613059},"id45_0001":{"peakheight":-1760.9587411437126,"PeakLocation":[0,0],"PCE":-1.0307146153877567,"pvalue":0.84500455791840579,"P_FA":0.84500455791840579,"log10P_FA":-0.073140948478149115},"id45_0004":{"peakheight":1602.6889989928525,"PeakLocation":[0,0],"PCE":1.9135751357932564,"pvalue":0.083283333506848564,"P_FA":0.083283333506848578,"log10P_FA":-1.0794419000362334},"id48_0000":{"peakheight":-366.47283740801691,"PeakLocation":[0,0],"PCE":-3.3399806446310802,"pvalue":0.966192297786034,"P_FA":0.966192297786034,"log10P_FA":-0.014936428909483164},"id48_0005":{"peakheight":353.54743747535133,"PeakLocation":[0,0],"PCE":0.48058559342255636,"pvalue":0.24407859327468673,"P_FA":0.24407859327468673,"log10P_FA":-0.61247030837614447},"id50_0005":{"peakheight":-572.81816524082979,"PeakLocation":[0,0],"PCE":-21.820035565948409,"pvalue":0.99999850271635826,"P_FA":0.99999850271635826,"log10P_FA":-6.5026251026472765E-7},"id53_0007":{"peakheight":-1676.197707689108,"PeakLocation":[0,0],"PCE":-12.41017193909139,"pvalue":0.99978649922521778,"P_FA":0.99978649922521778,"log10P_FA":-9.27321079107134E-5},"id53_0009":{"peakheight":339.31709934606931,"PeakLocation":[0,0],"PCE":0.27015180706738029,"pvalue":0.30161497851232005,"P_FA":0.30161497851232011,"log10P_FA":-0.52054709475279259},"id54_0008":{"peakheight":-236.55512277131197,"PeakLocation":[0,0],"PCE":-5.1848038515361008,"pvalue":0.98860737793802222,"P_FA":0.98860737793802222,"log10P_FA":-0.0049761527404914192},"id56_0002":{"peakheight":-367.89870175566574,"PeakLocation":[0,0],"PCE":-0.29105880383970845,"pvalue":0.70522858923588938,"P_FA":0.70522858923588938,"log10P_FA":-0.15167009016778604},"id60_0007":{"peakheight":-133.95973973440678,"PeakLocation":[0,0],"PCE":-0.19603993267517675,"pvalue":0.67103176643901385,"P_FA":0.67103176643901385,"log10P_FA":-0.1732569199761356},"id61_0003":{"peakheight":504.11627273014136,"PeakLocation":[0,0],"PCE":3.0362792193552472,"pvalue":0.040711173749153007,"P_FA":0.040711173749153007,"log10P_FA":-1.3902863762393221},"id6_0003":{"peakheight":3.6254705355768011,"PeakLocation":[0,0],"PCE":0.038111797161745294,"pvalue":0.42260941015169712,"P_FA":0.42260941015169706,"log10P_FA":-0.37406083683539526},"id8_0000":{"peakheight":-134.84227698518254,"PeakLocation":[0,0],"PCE":-10.502885416661842,"pvalue":0.99940405861027637,"P_FA":0.99940405861027637,"log10P_FA":-0.0002588912067517993}}