{"id0_0007":{"peakheight":1589.9051693375407,"PeakLocation":[0,0],"PCE":196.91927806266474,"pvalue":4.910321236685263E-45,"P_FA":4.910321236685263E-45,"log10P_FA":-44.30889009509572},"id0_0008":{"peakheight":169.84674003732812,"PeakLocation":[0,0],"PCE":39.569934395488978,"pvalue":1.5825946285446337E-10,"P_FA":1.582595166027545E-10,"log10P_FA":-9.8006301651412837},"id11_0002":{"peakheight":93668.050551943772,"PeakLocation":[0,0],"PCE":18079.1241167097,"pvalue":0,"P_FA":0,"log10P_FA":-3928.3595993928361},"id11_0008":{"peakheight":395572.13739563245,"PeakLocation":[0,0],"PCE":43810.80312941585,"pvalue":0,"P_FA":0,"log10P_FA":-9516.1149039690081},"id12_0001":{"peakheight":2767.3161493253929,"PeakLocation":[0,0],"PCE":586.85651165834634,"pvalue":6.0483212747274993E-130,"P_FA":6.0483212747274993E-130,"log10P_FA":-129.21836514804},"id13_0005":{"peakheight":4875.332045783196,"PeakLocation":[0,0],"PCE":3426.944155573005,"pvalue":0,"P_FA":0,"log10P_FA":-746.318011725836},"id13_0009":{"peakheight":13334.980260810804,"PeakLocation":[0,0],"PCE":2898.820726896859,"pvalue":0,"P_FA":0,"log10P_FA":-631.60112347217489},"id16_0013":{"peakheight":1416.9204248651333,"PeakLocation":[0,0],"PCE":305.61959398855043,"pvalue":9.827844232289148E-69,"P_FA":9.8278442322887156E-69,"log10P_FA":-68.00754173554499},"id1_0006":{"peakheight":5077.3616500418166,"PeakLocation":[0,0],"PCE":237.61087806746144,"pvalue":6.5256143087962911E-54,"P_FA":6.5256143087962911E-54,"log10P_FA":-53.1853785984169},"id26_0000":{"peakheight":21752.741893316557,"PeakLocation":[0,0],"PCE":8616.8890802577534,"pvalue":0,"P_FA":0,"log10P_FA":-1873.5004545496361},"id28_0000":{"peakheight":1608.3793870073728,"PeakLocation":[0,0],"PCE":137.79345719738382,"pvalue":4.043246066210954E-32,"P_FA":4.043246066210954E-32,"log10P_FA":-31.393269827316907},"id28_0001":{"peakheight":83914.25131184471,"PeakLocation":[0,0],"PCE":14488.902460424606,"pvalue":0,"P_FA":0,"log10P_FA":-3148.7048013769836},"id31_0009":{"peakheight":39850.349453933224,"PeakLocation":[0,0],"PCE":7806.6157867210222,"pvalue":0,"P_FA":0,"log10P_FA":-1697.5304005928026},"id33_0009":{"peakheight":16483.217483585158,"PeakLocation":[0,0],"PCE":3783.2707410965577,"pvalue":0,"P_FA":0,"log10P_FA":-823.71482684715659},"id35_0001":{"peakheight":23844.279937557767,"PeakLocation":[0,0],"PCE":1332.0652147976321,"pvalue":6.0818504925835924E-292,"P_FA":6.0818504925835924E-292,"log10P_FA":-291.21596426012809},"id35_0003":{"peakheight":10676.549374147808,"PeakLocation":[0,0],"PCE":1586.1330108925079,"pvalue":0,"P_FA":0,"log10P_FA":-346.42366683370017},"id38_0005":{"peakheight":224368.35945844016,"PeakLocation":[0,0],"PCE":24223.477552183907,"pvalue":0,"P_FA":0,"log10P_FA":-5262.6525248901262},"id3_0002":{"peakheight":5121.7899719877114,"PeakLocation":[0,0],"PCE":1176.6885735136732,"pvalue":3.5524976466607883E-258,"P_FA":3.5524976466601755E-258,"log10P_FA":-257.44946620109727},"id42_0000":{"peakheight":26008.7864040148,"PeakLocation":[0,0],"PCE":8842.8607631989489,"pvalue":0,"P_FA":0,"log10P_FA":-1922.5752031756249},"id44_0001":{"peakheight":1038.2880150674073,"PeakLocation":[0,0],"PCE":195.2403258329683,"pvalue":1.1416437555157322E-44,"P_FA":1.1416437555157322E-44,"log10P_FA":-43.942469394470429},"id46_0003":{"peakheight":67449.466245394418,"PeakLocation":[0,0],"PCE":14781.775366809396,"pvalue":0,"P_FA":0,"log10P_FA":-3212.3056905026374},"id47_0002":{"peakheight":11310.157856802554,"PeakLocation":[0,0],"PCE":28057.975776907919,"pvalue":0,"P_FA":0,"log10P_FA":-6095.3351447452615},"id47_0003":{"peakheight":1667.663828430279,"PeakLocation":[0,0],"PCE":161.89687998653039,"pvalue":2.1786511456574268E-37,"P_FA":2.1786511456573567E-37,"log10P_FA":-36.661812305157682},"id55_0000":{"peakheight":5740.6819229169141,"PeakLocation":[0,0],"PCE":1265.3437426054795,"pvalue":1.9211474369282615E-277,"P_FA":1.9211474369282615E-277,"log10P_FA":-276.71643930427558},"id55_0007":{"peakheight":101830.58665738066,"PeakLocation":[0,0],"PCE":27546.947736854658,"pvalue":0,"P_FA":0,"log10P_FA":-5984.3628243733338},"id56_0005":{"peakheight":30161.665117266868,"PeakLocation":[0,0],"PCE":1117.0941568876679,"pvalue":3.1809967033559428E-245,"P_FA":3.1809967033559428E-245,"log10P_FA":-244.49743678097596},"id57_0006":{"peakheight":212291.08662388622,"PeakLocation":[0,0],"PCE":22482.831696718771,"pvalue":0,"P_FA":0,"log10P_FA":-4884.6598871611341},"id60_0007":{"peakheight":53720.7184413209,"PeakLocation":[0,0],"PCE":22026.989036015122,"pvalue":0,"P_FA":0,"log10P_FA":-4785.67046314439},"id61_0004":{"peakheight":276.5505668407269,"PeakLocation":[0,0],"PCE":111.15637873085007,"pvalue":2.7341293810904321E-26,"P_FA":2.734129381090396E-26,"log10P_FA":-25.563180938135375},"id9_0005":{"peakheight":803.32903764314869,"PeakLocation":[0,0],"PCE":29.351290360212559,"pvalue":3.0188150269114166E-8,"P_FA":3.0188150312859818E-8,"log10P_FA":-7.5201634962358579}}